account_id,campaign_id,adcreative_name,adcreative_template_id,adcreative_elements,page_type,page_spec,promoted_object_type,site_set
11300272,,material_ljf,998,"{
                ""image"": ""230435830"",
                ""description"": ""BID_MODE_CPC998""

 }",PAGE_TYPE_MINI_PROGRAM_WECHAT,"{
                ""mini_program_spec"": {
                    ""mini_program_id"": ""gh_50639d01d41f"",
                    ""mini_program_path"": ""pages/index/index""

                }

  }",PROMOTED_OBJECT_TYPE_LINK_WECHAT,["SITE_SET_WECHAT"]
11300272,,material_ljf,998,"{
                ""image"": ""230435830"",
                ""description"": ""BID_MODE_CPC998""

 }",PAGE_TYPE_MINI_PROGRAM_WECHAT,"{
                ""mini_program_spec"": {
                    ""mini_program_id"": ""gh_50639d01d41f"",
                    ""mini_program_path"": ""pages/index/index""

                }

  }",PROMOTED_OBJECT_TYPE_LINK_WECHAT,["SITE_SET_WECHAT"]
11300272,,material_ljf,998,"{
                ""image"": ""230435830"",
                ""description"": ""BID_MODE_CPC998""

 }",PAGE_TYPE_MINI_PROGRAM_WECHAT,"{
                ""mini_program_spec"": {
                    ""mini_program_id"": ""gh_50639d01d41f"",
                    ""mini_program_path"": ""pages/index/index""

                }

  }",PROMOTED_OBJECT_TYPE_LINK_WECHAT,["SITE_SET_WECHAT"]
11300272,,material_ljf,998,"{
                ""image"": ""230435830"",
                ""description"": ""BID_MODE_CPC998""

 }",PAGE_TYPE_MINI_PROGRAM_WECHAT,"{
                ""mini_program_spec"": {
                    ""mini_program_id"": ""gh_50639d01d41f"",
                    ""mini_program_path"": ""pages/index/index""

                }

  }",PROMOTED_OBJECT_TYPE_LINK_WECHAT,["SITE_SET_WECHAT"]
